{
  "MAX_WIDTH": 1240,
  "SCREEN_WIDTHES": [320, 360, 375, 414, 428, 768, 1024, 1280, 1366, 1440, 1536, 1920],
  "MEDIA": {
    "phone": 600,
    "tablet": 905,
    "laptop": 1240,
    "desktop": 1440
  },
  "GAP": 8,
  "RESPONSIVE_GAP": {
    "phone": {"x": 4, "y": 8},
    "tablet": {"x": 8, "y": 8},
    "laptop": {"x": 12, "y": 8},
    "desktop": {"x": 16, "y": 8},
    "default": {"x": 20, "y": 8}
  },
  "COLUMN_100_50_33_33_33": {
    "phone": 1,
    "tablet": 0.5,
    "laptop": 0.33333,
    "desktop": 0.33333,
    "default": 0.33333
  },
  "COLUMN_100_50_50_50_50": {
    "phone": 1,
    "tablet": 0.5,
    "laptop": 0.5,
    "desktop": 0.5,
    "default": 0.5
  },
  "COLUMN_100_50_25_25_25": {
    "phone": 1,
    "tablet": 0.5,
    "laptop": 0.25,
    "desktop": 0.25,
    "default": 0.25
  },
  "COLUMN_100_100_50_50_50": {
    "phone": 1,
    "tablet": 1,
    "laptop": 0.5,
    "desktop": 0.5,
    "default": 0.5
  },
  "COLUMN_100_25_25_25_25": {
    "phone": 1,
    "tablet": 0.25,
    "laptop": 0.25,
    "desktop": 0.25,
    "default": 0.25
  },
  "COLUMN_100_33_33_33_33": {
    "phone": 1,
    "tablet": 0.33333,
    "laptop": 0.33333,
    "desktop": 0.33333,
    "default": 0.33333
  },
  "COLUMN_100_66_66_66_66": {
    "phone": 1,
    "tablet": 0.66666,
    "laptop": 0.66666,
    "desktop": 0.66666,
    "default": 0.66666
  },
  "COLUMN_100_75_75_75_75": {
    "phone": 1,
    "tablet": 0.75,
    "laptop": 0.75,
    "desktop": 0.75,
    "default": 0.75
  },
  "COLUMN_50_50_50_50_50": {
    "phone": 0.50,
    "tablet": 0.50,
    "laptop": 0.50,
    "desktop": 0.50,
    "default": 0.50
  },
  "COLUMN_100_100_25_25_25" : {
    "phone": 1,
    "tablet": 1,
    "laptop": 0.25,
    "desktop": 0.25,
    "default": 0.25
  },
  "COLUMN_100_100_33_33_33" : {
    "phone": 1,
    "tablet": 1,
    "laptop": 0.33333,
    "desktop": 0.33333,
    "default": 0.33333
  },
  "COLUMN_100_100_66_66_66" : {
    "phone": 1,
    "tablet": 1,
    "laptop": 0.66666,
    "desktop": 0.66666,
    "default": 0.66666
  },
  "COLUMN_100_100_75_75_75" : {
    "phone": 1,
    "tablet": 1,
    "laptop": 0.75,
    "desktop": 0.75,
    "default": 0.75
  },
  "COLUMN_25_25_25_25_25": {
    "phone": 0.25,
    "tablet": 0.25,
    "laptop": 0.25,
    "desktop": 0.25,
    "default": 0.25
  },
  "COLUMN_33_33_33_33_33": {
    "phone": 0.33333,
    "tablet": 0.33333,
    "laptop": 0.33333,
    "desktop": 0.33333,
    "default": 0.33333
  },
  "COLUMN_100_25_50_50_50": {
    "phone": 1,
    "tablet": 0.25,
    "laptop": 0.5,
    "desktop": 0.5,
    "default": 0.5
  },
  "COLUMN_100_75_50_50_50": {
    "phone": 1,
    "tablet": 0.75,
    "laptop": 0.5,
    "desktop": 0.5,
    "default": 0.5
  },
  "COLUMN_30_35_50_50_50": {
    "phone": 0.30,
    "tablet": 0.35,
    "laptop": 0.5,
    "desktop": 0.5,
    "default": 0.5
  },
  "COLUMN_100_25_66_66_66": {
    "phone": 1,
    "tablet": 0.25,
    "laptop": 0.66666,
    "desktop": 0.66666,
    "default": 0.66666
  },
  "COLUMN_100_25_100_100_100": {
    "phone": 1,
    "tablet": 0.25,
    "laptop": 1,
    "desktop": 1,
    "default": 1
  },
  
  "COLUMN_100_20_40_40_40": {
    "phone": 1,
    "tablet": 0.2,
    "laptop": 0.4,
    "desktop": 0.4,
    "default": 0.4
  },
  "COLUMN_100_80_60_60_60": {
    "phone": 1,
    "tablet": 0.8,
    "laptop": 0.6,
    "desktop": 0.6,
    "default": 0.6
  },
  "COLUMN_100_20_25_25_25": {
    "phone": 1,
    "tablet": 0.2,
    "laptop": 0.25,
    "desktop": 0.25,
    "default": 0.25
  },
  "COLUMN_100_80_55_55_55": {
    "phone": 1,
    "tablet": 0.8,
    "laptop": 0.55,
    "desktop": 0.55,
    "default": 0.55
  },
  "COLUMN_100_100_20_20_20": {
    "phone": 1,
    "tablet": 1,
    "laptop": 0.2,
    "desktop": 0.2,
    "default": 0.2
  },
  "COLUMN_100_85_45_45_45": {
    "phone": 1,
    "tablet": 0.85,
    "laptop": 0.45,
    "desktop": 0.45,
    "default": 0.45
  },
  "COLUMN_100_15_10_10_10": {
    "phone": 1,
    "tablet": 0.15,
    "laptop": 0.10,
    "desktop": 0.10,
    "default": 0.10
  },
  "COLUMN_100_20_55_55_55": {
    "phone": 1,
    "tablet": 0.2,
    "laptop": 0.55,
    "desktop": 0.55,
    "default": 0.55
  },
  "COLUMN_100_55_35_35_35": {
    "phone": 1,
    "tablet": 0.55,
    "laptop": 0.35,
    "desktop": 0.35,
    "default": 0.35
  },
  "COLUMN_100_25_10_10_10": {
    "phone": 1,
    "tablet": 0.25,
    "laptop": 0.10,
    "desktop": 0.10,
    "default": 0.10
  },
  "COLUMN_55_55_100_100_100": {
    "phone": 0.55,
    "tablet": 0.55,
    "laptop": 1,
    "desktop": 1,
    "default": 1
  },
  "COLUMN_45_45_100_100_100": {
    "phone": 0.45,
    "tablet": 0.45,
    "laptop": 1,
    "desktop": 1,
    "default": 1
  },
  "COLUMN_100_80_75_75_75": {
    "phone": 1,
    "tablet": 0.80,
    "laptop": 0.75,
    "desktop": 0.75,
    "default": 0.75
  },
  "COLUMN_50_40_30_30_30": {
    "phone": 0.5,
    "tablet": 0.40,
    "laptop": 0.30,
    "desktop": 0.30,
    "default": 0.30
  },
  "COLUMN_100_100_70_70_70": {
    "phone": 1,
    "tablet": 1,
    "laptop": 0.70,
    "desktop": 0.70,
    "default": 0.70
  },
  "COLUMN_100_80_50_50_50": {
    "phone": 1,
    "tablet": 0.8,
    "laptop": 0.5,
    "desktop": 0.5,
    "default": 0.5
  },
  "COLUMN_100_60_55_55_55": {
    "phone": 1,
    "tablet": 0.6,
    "laptop": 0.55,
    "desktop": 0.55,
    "default": 0.55
  },
  "COLUMN_100_20_20_20_20": {
    "phone": 1,
    "tablet": 0.2,
    "laptop": 0.2,
    "desktop": 0.2,
    "default": 0.2
  },
  "COLUMN_100_70_35_35_35": {
    "phone": 1,
    "tablet": 0.7,
    "laptop": 0.35,
    "desktop": 0.35,
    "default": 0.35
  },
  "COLUMN_100_10_10_10_10": {
    "phone": 1,
    "tablet": 0.1,
    "laptop": 0.1,
    "desktop": 0.1,
    "default": 0.1
  },
  "COLUMN_100_10_100_100_100": {
    "phone": 1,
    "tablet": 0.1,
    "laptop": 1,
    "desktop": 1,
    "default": 1
  },
  "COLUMN_100_90_85_85_85": {
    "phone": 1,
    "tablet": 0.9,
    "laptop": 0.85,
    "desktop": 0.85,
    "default": 0.85
  },
  "COLUMN_100_100_15_15_15": {
    "phone": 1,
    "tablet": 1,
    "laptop": 0.15,
    "desktop": 0.15,
    "default": 0.15
  },


  "COLUMN_10_25_25_25_25": {
    "phone": 0.1,
    "tablet": 0.25,
    "laptop": 0.25,
    "desktop": 0.25,
    "default": 0.25
  },
  "COLUMN_90_75_75_75_75": {
    "phone": 0.9,
    "tablet": 0.75,
    "laptop": 0.75,
    "desktop": 0.75,
    "default": 0.75
  },
  "COLUMN_10_20_40_40_40": {
    "phone": 0.1,
    "tablet": 0.2,
    "laptop": 0.4,
    "desktop": 0.4,
    "default": 0.4
  },
  "COLUMN_70_80_60_60_60": {
    "phone": 0.7,
    "tablet": 0.8,
    "laptop": 0.6,
    "desktop": 0.6,
    "default": 0.6
  },
  "COLUMN_20_20_25_25_25": {
    "phone": 0.2,
    "tablet": 0.2,
    "laptop": 0.25,
    "desktop": 0.25,
    "default": 0.25
  },
  "COLUMN_55_80_55_55_55": {
    "phone": 0.55,
    "tablet": 0.8,
    "laptop": 0.55,
    "desktop": 0.55,
    "default": 0.55
  },
  "COLUMN_25_100_20_20_20": {
    "phone": 0.25,
    "tablet": 100,
    "laptop": 0.20,
    "desktop": 0.20,
    "default": 0.20
  },
  "COLUMN_10_20_25_25_25": {
    "phone": 0.1,
    "tablet": 0.2,
    "laptop": 0.25,
    "desktop": 0.25,
    "default": 0.25
  },
  "COLUMN_70_80_55_55_55": {
    "phone": 0.7,
    "tablet": 0.8,
    "laptop": 0.55,
    "desktop": 0.55,
    "default": 0.55
  },
  "COLUMN_20_100_20_20_20": {
    "phone": 0.2,
    "tablet": 1,
    "laptop": 0.2,
    "desktop": 0.2,
    "default": 0.2
  },
  "COLUMN_80_80_75_75_75": {
    "phone": 0.8,
    "tablet": 0.8,
    "laptop": 0.75,
    "desktop": 0.75,
    "default": 0.75
  },
  "COLUMN_40_40_55_55_55": {
    "phone": 0.4,
    "tablet": 0.4,
    "laptop": 0.55,
    "desktop": 0.55,
    "default": 0.55
  },
  "COLUMN_60_60_35_35_35": {
    "phone": 0.6,
    "tablet": 0.6,
    "laptop": 0.35,
    "desktop": 0.35,
    "default": 0.35
  },
  "COLUMN_20_10_10_10_10": {
    "phone": 0.2,
    "tablet": 0.1,
    "laptop": 0.1,
    "desktop": 0.1,
    "default": 0.1
  },
  "COLUMN_10_10_25_25_25": {
    "phone": 0.1,
    "tablet": 0.1,